{
  "name": "cb125",
  "levels": [
    5,
    5,
    5
  ],
  "codebook_size": 125,
  "patch": 32,
  "epochs": 30,
  "per_curve": {
    "GR": {
      "raw_rmse": 25.684157483715403,
      "recon_rmse": 28.504032930645053,
      "degradation": 0.10979045930229729,
      "n_samples": 5487809,
      "n_wells": 559,
      "degenerate": false,
      "cause": null
    },
    "RHOB": {
      "raw_rmse": 0.1975571430533653,
      "recon_rmse": 0.20820022467252858,
      "degradation": 0.053873433552783775,
      "n_samples": 2994770,
      "n_wells": 483,
      "degenerate": false,
      "cause": null
    },
    "NPHI": {
      "raw_rmse": 0.07329760749644937,
      "recon_rmse": 0.07865247170931502,
      "degradation": 0.07305646658555742,
      "n_samples": 1189400,
      "n_wells": 273,
      "degenerate": false,
      "cause": null
    },
    "DTC": {
      "raw_rmse": 14.100294683511459,
      "recon_rmse": 15.796232877903703,
      "degradation": 0.12027679083724635,
      "n_samples": 3266374,
      "n_wells": 319,
      "degenerate": false,
      "cause": null
    },
    "PEF": {
      "raw_rmse": 1.4653819179102283,
      "recon_rmse": 1.7440524835787727,
      "degradation": 0.1901692400203455,
      "n_samples": 510985,
      "n_wells": 125,
      "degenerate": false,
      "cause": null
    },
    "SP": {
      "raw_rmse": 65.00689080133135,
      "recon_rmse": 65.2269559990568,
      "degradation": 0.0033852595472992483,
      "n_samples": 2773570,
      "n_wells": 401,
      "degenerate": false,
      "cause": null
    },
    "CALI": {
      "raw_rmse": 2.2271015120593085,
      "recon_rmse": 2.2338216424698403,
      "degradation": 0.0030174333653601357,
      "n_samples": 2659658,
      "n_wells": 453,
      "degenerate": false,
      "cause": null
    },
    "RDEP": {
      "raw_rmse": 2031.9850373112602,
      "recon_rmse": 2291.680419019523,
      "degradation": 0.12780378641561949,
      "n_samples": 2832967,
      "n_wells": 422,
      "degenerate": false,
      "cause": null
    },
    "RMED": {
      "raw_rmse": 988.185931002003,
      "recon_rmse": 1005.8386897073811,
      "degradation": 0.01786380290546996,
      "n_samples": 2329153,
      "n_wells": 350,
      "degenerate": false,
      "cause": null
    },
    "RSHA": {
      "raw_rmse": 1563.9602491419687,
      "recon_rmse": 1571.1354578028354,
      "degradation": 0.004587845928183416,
      "n_samples": 640414,
      "n_wells": 112,
      "degenerate": false,
      "cause": null
    },
    "DTS": {
      "raw_rmse": 23.742481028372705,
      "recon_rmse": 27.441151931984184,
      "degradation": 0.15578283074930116,
      "n_samples": 27164,
      "n_wells": 3,
      "degenerate": false,
      "cause": null
    }
  },
  "n_curves_scored": 11,
  "degenerate_curves": [],
  "median_degradation": 0.07305646658555742,
  "max_degradation": 0.1901692400203455,
  "bar_median_le_5pct": false,
  "bar_max_le_10pct": false,
  "elapsed_s": 1333.2
}