{
  "name": "cb4375",
  "levels": [
    7,
    5,
    5,
    5,
    5
  ],
  "codebook_size": 4375,
  "patch": 32,
  "epochs": 30,
  "per_curve": {
    "GR": {
      "raw_rmse": 25.684157483715403,
      "recon_rmse": 27.751368956350298,
      "degradation": 0.08048585880014071,
      "n_samples": 5487809,
      "n_wells": 559,
      "degenerate": false,
      "cause": null
    },
    "RHOB": {
      "raw_rmse": 0.1975571430533653,
      "recon_rmse": 0.20269027314616483,
      "degradation": 0.025983014400106707,
      "n_samples": 2994770,
      "n_wells": 483,
      "degenerate": false,
      "cause": null
    },
    "NPHI": {
      "raw_rmse": 0.07329760749644937,
      "recon_rmse": 0.07583704960862497,
      "degradation": 0.03464563440626106,
      "n_samples": 1189400,
      "n_wells": 273,
      "degenerate": false,
      "cause": null
    },
    "DTC": {
      "raw_rmse": 14.100294683511459,
      "recon_rmse": 15.494682185715133,
      "degradation": 0.09889066388337522,
      "n_samples": 3266374,
      "n_wells": 319,
      "degenerate": false,
      "cause": null
    },
    "PEF": {
      "raw_rmse": 1.4653819179102283,
      "recon_rmse": 1.764650551648444,
      "degradation": 0.20422569029990545,
      "n_samples": 510985,
      "n_wells": 125,
      "degenerate": false,
      "cause": null
    },
    "SP": {
      "raw_rmse": 65.00689080133135,
      "recon_rmse": 65.01971717980081,
      "degradation": 0.00019730798245149497,
      "n_samples": 2773570,
      "n_wells": 401,
      "degenerate": false,
      "cause": null
    },
    "CALI": {
      "raw_rmse": 2.2271015120593085,
      "recon_rmse": 2.2423966708270595,
      "degradation": 0.006867742078630356,
      "n_samples": 2659658,
      "n_wells": 453,
      "degenerate": false,
      "cause": null
    },
    "RDEP": {
      "raw_rmse": 2031.9850373112602,
      "recon_rmse": 2183.049559796348,
      "degradation": 0.07434332424267151,
      "n_samples": 2832967,
      "n_wells": 422,
      "degenerate": false,
      "cause": null
    },
    "RMED": {
      "raw_rmse": 988.185931002003,
      "recon_rmse": 1004.3950400092847,
      "degradation": 0.016402893927912842,
      "n_samples": 2329153,
      "n_wells": 350,
      "degenerate": false,
      "cause": null
    },
    "RSHA": {
      "raw_rmse": 1563.9602491419687,
      "recon_rmse": 1570.5279838141687,
      "degradation": 0.0041994255773465106,
      "n_samples": 640414,
      "n_wells": 112,
      "degenerate": false,
      "cause": null
    },
    "DTS": {
      "raw_rmse": 23.742481028372705,
      "recon_rmse": 25.653495224133117,
      "degradation": 0.08048923756016546,
      "n_samples": 27164,
      "n_wells": 3,
      "degenerate": false,
      "cause": null
    }
  },
  "n_curves_scored": 11,
  "degenerate_curves": [],
  "median_degradation": 0.03464563440626106,
  "max_degradation": 0.20422569029990545,
  "bar_median_le_5pct": true,
  "bar_max_le_10pct": false,
  "elapsed_s": 1332.1
}