{
  "name": "cb64",
  "levels": [
    8,
    8
  ],
  "codebook_size": 64,
  "patch": 32,
  "epochs": 30,
  "per_curve": {
    "GR": {
      "raw_rmse": 25.684157483715403,
      "recon_rmse": 28.203825515480883,
      "degradation": 0.09810203170429213,
      "n_samples": 5487809,
      "n_wells": 559,
      "degenerate": false,
      "cause": null
    },
    "RHOB": {
      "raw_rmse": 0.1975571430533653,
      "recon_rmse": 0.2089546540557189,
      "degradation": 0.05769222426584102,
      "n_samples": 2994770,
      "n_wells": 483,
      "degenerate": false,
      "cause": null
    },
    "NPHI": {
      "raw_rmse": 0.07329760749644937,
      "recon_rmse": 0.07973405340929536,
      "degradation": 0.08781249665151461,
      "n_samples": 1189400,
      "n_wells": 273,
      "degenerate": false,
      "cause": null
    },
    "DTC": {
      "raw_rmse": 14.100294683511459,
      "recon_rmse": 15.913371731144556,
      "degradation": 0.12858433730135196,
      "n_samples": 3266374,
      "n_wells": 319,
      "degenerate": false,
      "cause": null
    },
    "PEF": {
      "raw_rmse": 1.4653819179102283,
      "recon_rmse": 1.750604013218567,
      "degradation": 0.19464010837194717,
      "n_samples": 510985,
      "n_wells": 125,
      "degenerate": false,
      "cause": null
    },
    "SP": {
      "raw_rmse": 65.00689080133135,
      "recon_rmse": 65.48075733108273,
      "degradation": 0.007289481528959255,
      "n_samples": 2773570,
      "n_wells": 401,
      "degenerate": false,
      "cause": null
    },
    "CALI": {
      "raw_rmse": 2.2271015120593085,
      "recon_rmse": 2.2426968459677745,
      "degradation": 0.0070025249518355604,
      "n_samples": 2659658,
      "n_wells": 453,
      "degenerate": false,
      "cause": null
    },
    "RDEP": {
      "raw_rmse": 2031.9850373112602,
      "recon_rmse": 2279.755535290681,
      "degradation": 0.12193519805995864,
      "n_samples": 2832967,
      "n_wells": 422,
      "degenerate": false,
      "cause": null
    },
    "RMED": {
      "raw_rmse": 988.185931002003,
      "recon_rmse": 1006.2043746762511,
      "degradation": 0.01823385975145148,
      "n_samples": 2329153,
      "n_wells": 350,
      "degenerate": false,
      "cause": null
    },
    "RSHA": {
      "raw_rmse": 1563.9602491419687,
      "recon_rmse": 1571.4284792396695,
      "degradation": 0.004775204549986548,
      "n_samples": 640414,
      "n_wells": 112,
      "degenerate": false,
      "cause": null
    },
    "DTS": {
      "raw_rmse": 23.742481028372705,
      "recon_rmse": 27.750677653470596,
      "degradation": 0.16881962000129735,
      "n_samples": 27164,
      "n_wells": 3,
      "degenerate": false,
      "cause": null
    }
  },
  "n_curves_scored": 11,
  "degenerate_curves": [],
  "median_degradation": 0.08781249665151461,
  "max_degradation": 0.19464010837194717,
  "bar_median_le_5pct": false,
  "bar_max_le_10pct": false,
  "elapsed_s": 1337.8
}