{
  "KGS": {
    "n_samples": 5135458,
    "n_wells": 1157,
    "min": 0.5,
    "median": 3.4600000381469727,
    "mean": 3.4822514057159424,
    "max": 20.0,
    "std": 1.255720853805542,
    "frac_eq_20p0": 0.00017447324075087363,
    "frac_ge_19p99": 0.00017447324075087363,
    "frac_in_1p5_6": 0.9273825236230148,
    "frac_above_6": 0.017696961011072432,
    "frac_below_1p5": 0.05492051536591284,
    "frac_negative": 0.0,
    "frac_gt10": 0.001985996185734554,
    "n_wells_with_any_eq20": 3
  },
  "NLOG_Netherlands": {
    "n_samples": 1356242,
    "n_wells": 246,
    "min": 0.5001999735832214,
    "median": 3.9579999446868896,
    "mean": 4.5947675704956055,
    "max": 20.0,
    "std": 2.5760347843170166,
    "frac_eq_20p0": 8.84797845812178e-06,
    "frac_ge_19p99": 1.917061999259719e-05,
    "frac_in_1p5_6": 0.8196265858158057,
    "frac_above_6": 0.17393134853514344,
    "frac_below_1p5": 0.006442065649050833,
    "frac_negative": 0.0,
    "frac_gt10": 0.04325702935021921,
    "n_wells_with_any_eq20": 9
  },
  "FORCE_Norway": {
    "n_samples": 649208,
    "n_wells": 69,
    "min": 0.5006685256958008,
    "median": 4.2381134033203125,
    "mean": 5.002702236175537,
    "max": 19.999828338623047,
    "std": 2.7087454795837402,
    "frac_eq_20p0": 4.621015144606967e-06,
    "frac_ge_19p99": 2.3105075723034837e-05,
    "frac_in_1p5_6": 0.7718296755431233,
    "frac_above_6": 0.22059648063486587,
    "frac_below_1p5": 0.007573843822010819,
    "frac_negative": 0.0,
    "frac_gt10": 0.05777655235302091,
    "n_wells_with_any_eq20": 3
  }
}