{
  "KGS": {
    "n_samples": 5135458,
    "n_wells": 1157,
    "min": 0.5,
    "p01": 0.699999988079071,
    "median": 3.4600000381469727,
    "mean": 3.4822514057159424,
    "p99": 7.606800079345703,
    "max": 20.0,
    "std": 1.255720853805542,
    "frac_in_1p5_6": 0.9273825236230148,
    "frac_negative": 0.0,
    "frac_gt10": 0.001985996185734554
  },
  "NLOG": {
    "n_samples": 1356242,
    "n_wells": 246,
    "min": 0.5001999735832214,
    "p01": 1.6327999830245972,
    "median": 3.9579999446868896,
    "mean": 4.5947675704956055,
    "p99": 15.835938453674316,
    "max": 20.0,
    "std": 2.5760347843170166,
    "frac_in_1p5_6": 0.8196265858158057,
    "frac_negative": 0.0,
    "frac_gt10": 0.04325702935021921
  },
  "FORCE": {
    "n_samples": 649208,
    "n_wells": 69,
    "min": 0.5006685256958008,
    "p01": 1.5990701532363891,
    "median": 4.2381134033203125,
    "mean": 5.002702236175537,
    "p99": 16.202792530059845,
    "max": 19.999828338623047,
    "std": 2.7087454795837402,
    "frac_in_1p5_6": 0.7718296755431233,
    "frac_negative": 0.0,
    "frac_gt10": 0.05777655235302091
  }
}