{
  "GR": {
    "raw_rmse": 25.684157483715403,
    "n_samples": 5487809,
    "n_wells": 559,
    "degenerate": false,
    "cause": null
  },
  "RHOB": {
    "raw_rmse": 0.19700647109494213,
    "n_samples": 2994770,
    "n_wells": 483,
    "degenerate": false,
    "cause": null
  },
  "NPHI": {
    "raw_rmse": 0.07396365409104792,
    "n_samples": 1189400,
    "n_wells": 273,
    "degenerate": false,
    "cause": null
  },
  "DTC": {
    "raw_rmse": 14.112876282339403,
    "n_samples": 3266374,
    "n_wells": 319,
    "degenerate": false,
    "cause": null
  },
  "PEF": {
    "raw_rmse": 1.5033826908257812,
    "n_samples": 510985,
    "n_wells": 125,
    "degenerate": false,
    "cause": null
  },
  "SP": {
    "raw_rmse": 65.29702249095166,
    "n_samples": 2773570,
    "n_wells": 401,
    "degenerate": false,
    "cause": null
  },
  "CALI": {
    "raw_rmse": 2.235776083420014,
    "n_samples": 2659658,
    "n_wells": 453,
    "degenerate": false,
    "cause": null
  },
  "RDEP": {
    "raw_rmse": 2086.3442025978716,
    "n_samples": 2832967,
    "n_wells": 422,
    "degenerate": false,
    "cause": null
  },
  "RMED": {
    "raw_rmse": 991.8259891868028,
    "n_samples": 2329153,
    "n_wells": 350,
    "degenerate": false,
    "cause": null
  },
  "RSHA": {
    "raw_rmse": 1562.9503323595982,
    "n_samples": 640414,
    "n_wells": 112,
    "degenerate": false,
    "cause": null
  },
  "DTS": {
    "raw_rmse": 23.742481028372705,
    "n_samples": 27164,
    "n_wells": 3,
    "degenerate": false,
    "cause": null
  }
}