{
  "config_version": "0.1.0",
  "n_wells": 12,
  "note": "median/IQR on these FORCE wells; train-split contract",
  "stats": {
    "GR": {
      "median": 66.254974365,
      "iqr": 50.5427112575,
      "n_samples": 132795
    },
    "RHOB": {
      "median": 2.1621294022,
      "iqr": 0.3751565217499997,
      "n_samples": 107759
    },
    "NPHI": {
      "median": 0.3820142746,
      "iqr": 0.24602724609999999,
      "n_samples": 91477
    },
    "DTC": {
      "median": 135.99960327,
      "iqr": 59.46393203550001,
      "n_samples": 132151
    },
    "PEF": {
      "median": 3.765431881,
      "iqr": 2.2148559093500007,
      "n_samples": 99863
    },
    "SP": {
      "median": 67.7447052005,
      "iqr": 41.206525803249995,
      "n_samples": 88548
    },
    "CALI": {
      "median": 12.698579788,
      "iqr": 3.5514936450000008,
      "n_samples": 132645
    },
    "RDEP": {
      "median": 0.05328266369791873,
      "iqr": 0.3254903227091698,
      "n_samples": 125462
    },
    "RMED": {
      "median": 0.03965951690056113,
      "iqr": 0.2943293571261225,
      "n_samples": 125208
    },
    "RSHA": {
      "median": -0.001096021779811193,
      "iqr": 0.2811758968939826,
      "n_samples": 61871
    },
    "DTS": {
      "median": 162.54795837,
      "iqr": 40.31407164999999,
      "n_samples": 12151
    }
  }
}