{
  "provisional": false,
  "provenance": "FROZEN G2 norm stats. Robust median/IQR via compute_norm_stats on the FROZEN TRAIN split only (7,589 wells: {'force2020': 98, 'kgs': 5734, 'nlog': 1757}). Manifest f497206bb9bd..., split_gen_commit d4113797. Mask-gated real samples only. Resistivities log10 (verified pre-compute). Dev and all test splits excluded.",
  "config_version": "0.1.0",
  "manifest_sha256": "f497206bb9bd2305bb7b50868adda2c286b006fa8d22fa8a17f378c68c9417cb",
  "split_gen_commit": "d4113797",
  "train_wells": {
    "total": 7589,
    "force2020": 98,
    "kgs": 5734,
    "nlog": 1757
  },
  "stats": {
    "GR": {
      "median": 61.08,
      "iqr": 49.54489999999999,
      "n_samples": 54407219
    },
    "RHOB": {
      "median": 2.437538,
      "iqr": 0.41290000000000004,
      "n_samples": 35102089
    },
    "NPHI": {
      "median": 0.211742,
      "iqr": 0.17791500000000005,
      "n_samples": 16443472
    },
    "DTC": {
      "median": 83.2523,
      "iqr": 38.899587999999994,
      "n_samples": 25404465
    },
    "PEF": {
      "median": 3.59,
      "iqr": 1.6629427093249998,
      "n_samples": 7140908
    },
    "SP": {
      "median": -23.7873,
      "iqr": 114.1765,
      "n_samples": 37299859
    },
    "CALI": {
      "median": 8.2243,
      "iqr": 1.6991180000000004,
      "n_samples": 24582205
    },
    "RDEP": {
      "median": 0.6987875623381173,
      "iqr": 0.6398330125632983,
      "n_samples": 37062071
    },
    "RMED": {
      "median": 0.7389073412854165,
      "iqr": 0.629472480484163,
      "n_samples": 34233495
    },
    "RSHA": {
      "median": 0.325022800270452,
      "iqr": 0.656710176019107,
      "n_samples": 7302836
    },
    "DTS": {
      "median": 144.949,
      "iqr": 85.4516014,
      "n_samples": 502531
    }
  }
}